texture_name,1_0_dissimilarity,correlation,contrast,energy,homogeneity,asm,1_45_dissimilarity,correlation,contrast,energy,homogeneity,asm,1_90_dissimilarity,correlation,contrast,energy,homogeneity,asm,1_135_dissimilarity,correlation,contrast,energy,homogeneity,asm,3_0_dissimilarity,correlation,contrast,energy,homogeneity,asm,3_45_dissimilarity,correlation,contrast,energy,homogeneity,asm,3_90_dissimilarity,correlation,contrast,energy,homogeneity,asm,3_135_dissimilarity,correlation,contrast,energy,homogeneity,asm,5_0_dissimilarity,correlation,contrast,energy,homogeneity,asm,5_45_dissimilarity,correlation,contrast,energy,homogeneity,asm,5_90_dissimilarity,correlation,contrast,energy,homogeneity,asm,5_135_dissimilarity,correlation,contrast,energy,homogeneity,asm
0.8990526574803173,0.9588179298174454,2.9875123031496127,0.12723831728695048,0.6892197670756346,0.016189589386014683,2.9991319982640183,0.7529382898720782,17.82472564945146,0.06521228334102921,0.32218540263306994,0.004252641898550676,2.703309547244088,0.7857088423252812,15.494525098425258,0.0693470768260869,0.37101924463101527,0.004809017064323198,0.8990526574803173,0.9588179298174454,2.9875123031496127,0.12723831728695048,0.6892197670756346,0.016189589386014683,2.106812500000002,0.7912535371717128,15.129687499999934,0.09083979932069908,0.48629352357178035,0.008251869140624882,5.214603174603141,0.36853970378606876,45.30006349206343,0.05152258700346224,0.18130125070993908,0.002654576971529336,5.132157480314938,0.3830635891369132,44.29159055118088,0.05203180110871268,0.1900198528622741,0.002707308326616634,2.106812500000002,0.7912535371717128,15.129687499999934,0.09083979932069908,0.48629352357178035,0.008251869140624882,2.883193597560971,0.6305885845411462,26.81955030487801,0.08105005811250073,0.4150121453907513,0.006569111920039746,5.374709677419376,0.3543653713218097,46.31909677419373,0.05054428004806807,0.1720238363339702,0.002554724245577532,5.368535586277554,0.35758838655842956,46.0782130056328,0.05067287610004232,0.16959602559586165,0.00256774037225024,2.883193597560971,0.6305885845411462,26.81955030487801,0.08105005811250073,0.4150121453907513,0.006569111920039746,drz
1.145607775590555,0.9834000278206825,4.712290846456704,0.09084626424772324,0.6459008771693765,0.008253043727767157,3.151280302560619,0.9290934406566966,20.11674623349251,0.05182774641493178,0.3283667232171135,0.0026861152984504737,2.5492741141732265,0.9469341951058182,15.015440452755941,0.06056512033432561,0.42162916802614847,0.003668133801111341,1.145607775590555,0.9834000278206825,4.712290846456704,0.09084626424772324,0.6459008771693765,0.008253043727767157,2.703937500000012,0.9132247762204946,24.7740624999999,0.06468280478129378,0.44261630400659835,0.004183865234374961,4.860888888888854,0.8362050949445369,46.50825396825411,0.04453215834351809,0.23917434558355816,0.001983113126732168,4.545448818897617,0.8502730318671681,42.39892913385807,0.04634686069263998,0.26516753790108016,0.0021480314960629766,2.703937500000012,0.9132247762204946,24.7740624999999,0.06468280478129378,0.44261630400659835,0.004183865234374961,3.6803226626016086,0.8476271361933047,43.76822916666654,0.05719819969280332,0.36854927872876675,0.0032716340480978055,4.707935483870987,0.8393314592971586,45.68845161290353,0.045009029039841254,0.24071065248437243,0.002025812695109273,4.594406041986697,0.8458198276753484,43.72804659498224,0.04553584461926128,0.25872154996429353,0.002073513145189506,3.6803226626016086,0.8476271361933047,43.76822916666654,0.05719819969280332,0.36854927872876675,0.0032716340480978055,drz
1.7215797244094564,0.9394162283327517,10.342396653543375,0.0920830442543062,0.5656941408136034,0.008479287039140516,3.0847541695083556,0.8768796774047026,20.898009796019686,0.06651862096353217,0.34408219081329977,0.004424726934890062,2.3300935039370074,0.9135644702068109,14.64394685039377,0.08469045306904127,0.4644760357196373,0.007172472841039481,1.7215797244094564,0.9394162283327517,10.342396653543375,0.0920830442543062,0.5656941408136034,0.008479287039140516,3.913812499999999,0.7258909702318734,46.98606249999988,0.06624460473313992,0.3727539402352311,0.004388347656249944,6.361777777777745,0.520866760147059,80.45460317460267,0.04987276327823434,0.19791680245827079,0.0024872925170067997,6.001448818897565,0.5533304681094212,74.86859842519571,0.052196455444214494,0.22030741209674942,0.0027244699609398687,3.913812499999999,0.7258909702318734,46.98606249999988,0.06624460473313992,0.3727539402352311,0.004388347656249944,4.954141260162561,0.6085402386740284,67.4156504065035,0.058704849766238,0.30933097484057126,0.003446259386076574,7.614903225806494,0.36217148503175356,106.5761935483878,0.046992593567030255,0.15823799945210218,0.002208303850156093,7.39240911418334,0.38080032703140954,103.27272145417389,0.047738239420007086,0.17167406474748306,0.0022789395029219183,4.954141260162561,0.6085402386740284,67.4156504065035,0.058704849766238,0.30933097484057126,0.003446259386076574,drz
2.024913877952764,0.9033125466851131,10.92993356299219,0.08952477501169269,0.47985807372086103,0.008014685340894195,2.4283588567177246,0.8869780900869267,12.747163494327022,0.07625201141906857,0.38925813908151546,0.005814369245453763,1.6263533464566922,0.9403107512659982,6.736343503937028,0.09454721324375288,0.5283198475977161,0.00893917553215968,2.024913877952764,0.9033125466851131,10.92993356299219,0.08952477501169269,0.47985807372086103,0.008014685340894195,4.509374999999989,0.5849155023194199,47.02837499999983,0.06252953989415709,0.27753735666436513,0.003909943359374984,4.779492063492014,0.6155751573948146,43.18241269841247,0.05648394354199162,0.23518055319767375,0.003190435878054897,4.630992125984216,0.6425914670030826,40.124157480314594,0.05735074167101158,0.24625112680977942,0.003289107570215104,4.509374999999989,0.5849155023194199,47.02837499999983,0.06252953989415709,0.27753735666436513,0.003909943359374984,5.741171239837367,0.39765577189759516,68.45141006097528,0.054861615898661044,0.22080703987823147,0.003009796899012218,5.776322580645179,0.4574913712415985,60.80961290322626,0.05268926046714278,0.1945978604528232,0.0027761581685744148,5.868535586277554,0.46060739607179785,60.453661034306634,0.05270279718839903,0.18982765314903113,0.002777584831481521,5.741171239837367,0.39765577189759516,68.45141006097528,0.054861615898661044,0.22080703987823147,0.003009796899012218,drz
0.42390501968503946,0.9862572266321106,0.5751107283464566,0.17754948607542587,0.8023710390087331,0.031523820005647844,2.00489800979602,0.8283820190813593,7.20856841713684,0.09121161259510673,0.4054659995166574,0.008319558272199832,2.0144562007874036,0.8247974593618943,7.375430610236228,0.09189252420454543,0.4096775622198086,0.008444236004682967,0.42390501968503946,0.9862572266321106,0.5751107283464566,0.17754948607542587,0.8023710390087331,0.031523820005647844,0.9671249999999993,0.9496837769010807,2.0961250000000025,0.12815761779933332,0.6078693691789163,0.016424374999999998,3.7336507936507877,0.461010988211814,22.79473015873017,0.07855101225848682,0.2536644306669339,0.006170261526832946,3.757417322834642,0.45125988478613593,23.258897637795233,0.07928262898939786,0.25628634301291503,0.00628573525947051,0.9671249999999993,0.9496837769010807,2.0961250000000025,0.12815761779933332,0.6078693691789163,0.016424374999999998,1.2729293699186985,0.9125559180238431,3.6188389227642284,0.1154939669059481,0.536350685509636,0.013338856391672234,3.7701290322580627,0.4607576223192715,22.83954838709673,0.07590431569073437,0.23726810620214084,0.005761465140478665,3.7426395289298524,0.4654372441404654,22.691052227342574,0.07643916797824694,0.24384521870082185,0.005842946401206654,1.2729293699186985,0.9125559180238431,3.6188389227642284,0.1154939669059481,0.536350685509636,0.013338856391672234,drz
0.31028543307086703,0.998922290188808,0.3813976377952759,0.18239375203270286,0.8518990273274669,0.0332674807805671,1.8817037634075235,0.9814894781307069,6.548205096410191,0.09579261938618777,0.4204270784256464,0.009176225928867037,1.9244586614173262,0.98050569668724,6.895054133858271,0.09568662390318143,0.416080998664231,0.009155929993988893,0.31028543307086703,0.998922290188808,0.3813976377952759,0.18239375203270286,0.8518990273274669,0.0332674807805671,0.7222500000000002,0.9967009103871356,1.1679999999999995,0.13620249315128194,0.6801746893726293,0.018551119140625003,3.424571428571421,0.9318190158856232,24.123492063492073,0.08670610184847202,0.2881829419585953,0.007517948097757604,3.448125984251962,0.9286740943804322,25.23218897637783,0.08614158833424441,0.28928082194513827,0.007420373240746432,0.7222500000000002,0.9967009103871356,1.1679999999999995,0.13620249315128194,0.6801746893726293,0.018551119140625003,0.9246061991869885,0.9946727414406193,1.8866234756097497,0.1256803592319751,0.6204428899339514,0.015795552696678306,3.2487096774193702,0.9226283242460869,27.359548387096847,0.08568357682887331,0.32027342107874185,0.007341675338189435,3.237199180747563,0.9168643597659061,29.393113159242116,0.08646039012438313,0.32972777810287585,0.007475399060460528,0.9246061991869885,0.9946727414406193,1.8866234756097497,0.1256803592319751,0.6204428899339514,0.015795552696678306,drz
0.35703740157480346,0.9974484603625144,0.4207677165354338,0.16662989040022438,0.8278195924038911,0.027765520374790794,2.043524087048192,0.9336775603789387,10.783433566867181,0.08960569932037486,0.4155555178173835,0.008029181350693429,1.9452509842519756,0.9357167986916017,10.450295275590612,0.09282400244997555,0.43779114348830317,0.008616295430833067,0.35703740157480346,0.9974484603625144,0.4207677165354338,0.16662989040022438,0.8278195924038911,0.027765520374790794,0.8683124999999996,0.9911974218775806,1.4519374999999963,0.1184531816795139,0.6224579162590161,0.014031156249999925,4.902857142857109,0.656037538273375,54.36558730158692,0.06754285893338256,0.20915033723808193,0.004562037792894816,4.699401574803094,0.667722674018223,52.5076535433064,0.06802884217629088,0.2228146300805523,0.004627923367846692,0.8683124999999996,0.9911974218775806,1.4519374999999963,0.1184531816795139,0.6224579162590161,0.014031156249999925,1.217670223577241,0.9836494329040733,2.697472052845526,0.10232200422079862,0.5269385288437917,0.010469792547761132,5.912838709677456,0.5233981637865477,74.19954838709734,0.0655765116194114,0.17431642950621803,0.004300278876170799,5.632040450588834,0.5457186348293616,70.69553251408104,0.0661032031840087,0.18657656255150307,0.004369633471186337,1.217670223577241,0.9836494329040733,2.697472052845526,0.10232200422079862,0.5269385288437917,0.010469792547761132,drz
0.48708169291338643,0.9843537055402274,0.6366879921259848,0.16257780685126438,0.7711435471372062,0.026431543280567026,1.7182094364188745,0.8789665901843652,4.914687829375658,0.09507845865187892,0.41839755241622045,0.00903991329961705,1.8929010826771662,0.8506862322503859,6.071296751968506,0.09193144190477043,0.39833073739515895,0.00845139001069018,0.48708169291338643,0.9843537055402274,0.6366879921259848,0.16257780685126438,0.7711435471372062,0.026431543280567026,1.2346875000000006,0.9306422390109341,2.8148125000000044,0.11024801585516178,0.5254269575072619,0.012154625000000004,4.304063492063486,0.3118283572081894,27.829396825396817,0.06713995265585433,0.1892261232333366,0.004507773242630362,4.592881889763762,0.20813482842744643,32.07571653543301,0.06614371200636739,0.18613587350064573,0.00437499063798127,1.2346875000000006,0.9306422390109341,2.8148125000000044,0.11024801585516178,0.5254269575072619,0.012154625000000004,1.812436483739839,0.8574257443482776,5.7706427845528525,0.09330075962451342,0.41388527615464643,0.008705031746511233,5.011161290322593,0.09757192584702382,36.36845161290321,0.06596683491765452,0.15625274266974684,0.004351623309053085,5.155913978494627,0.030403363875205477,39.15348182283676,0.06582722508861492,0.16148662944235714,0.004333223562867174,1.812436483739839,0.8574257443482776,5.7706427845528525,0.09330075962451342,0.41388527615464643,0.008705031746511233,drz
0.3759227362204727,0.9825203625421398,0.5288508858267721,0.19848639745055383,0.8259520869885194,0.039396849972899224,2.1257982515965046,0.7489607504791691,7.622605245210495,0.09458862136638527,0.36837795767854203,0.008947007291993395,2.0693282480314963,0.7606424090780771,7.305794783464583,0.09545410733311735,0.37916105375096815,0.009111486606762288,0.3759227362204727,0.9825203625421398,0.5288508858267721,0.19848639745055383,0.8259520869885194,0.039396849972899224,0.8603124999999998,0.935241893528383,1.9379374999999972,0.14559822044542645,0.6473113404607366,0.021198841796874993,4.1098412698412705,0.12050178483772606,26.721269841269837,0.08344906853618292,0.21907020924876722,0.0069637470395565535,4.0040314960629875,0.16070078121979264,25.63502362204724,0.08383538484878271,0.22712833372913452,0.007028371752743506,0.8603124999999998,0.935241893528383,1.9379374999999972,0.14559822044542645,0.6473113404607366,0.021198841796874993,1.1088033536585362,0.8934092451360245,3.144626524390243,0.13161927799180811,0.5791142233059576,0.017323634339084865,4.113032258064521,0.10940300915898152,26.930967741935486,0.07968686113575504,0.2191647083466444,0.006349995837669108,3.981054787506397,0.1548565146811254,25.70878136200713,0.07978314059164644,0.22992748903002494,0.0063653495226664225,1.1088033536585362,0.8934092451360245,3.144626524390243,0.13161927799180811,0.5791142233059576,0.017323634339084865,drz
0.29035433070866185,0.9987824448866048,0.3507627952755904,0.17530225728167867,0.8607547898777919,0.030730881408051858,2.048174096348193,0.9736549593701782,7.586521173042352,0.08616700190316011,0.3949302807586124,0.007424752216979197,2.055118110236225,0.9736052832531604,7.603346456692944,0.08590946767308769,0.39372664455165485,0.007380436635873299,0.29035433070866185,0.9987824448866048,0.3507627952755904,0.17530225728167867,0.8607547898777919,0.030730881408051858,0.6801875000000005,0.9964535220742538,1.0211874999999995,0.13095715842881606,0.6923270864926004,0.017149777343750026,3.586158730158713,0.9079028166567805,26.451047619047472,0.07995111885330707,0.2797676566385775,0.006392181405895633,3.5471496062991923,0.9098512546326166,25.902173228346236,0.07985240274914941,0.2833170128501592,0.006376406224812364,0.6801875000000005,0.9964535220742538,1.0211874999999995,0.13095715842881606,0.6923270864926004,0.017149777343750026,0.8808434959349575,0.9943183742400313,1.6354166666666614,0.11947764776114657,0.6267583940261069,0.014274908314536613,3.353032258064545,0.899018244978183,29.003612903225967,0.079811028110886,0.3119350464365431,0.006369800208116636,3.285330261136727,0.9031104981150248,27.840885816692417,0.07947537108411859,0.31348149998101943,0.006316334608958352,0.8808434959349575,0.9943183742400313,1.6354166666666614,0.11947764776114657,0.6267583940261069,0.014274908314536613,drz
0.35433070866141786,0.9982314046624341,0.4399606299212601,0.15763845238385918,0.8311427788862374,0.024849881669978237,2.018724037448091,0.9628402954866281,9.232562465124989,0.08447952022312218,0.4108807627351284,0.007136789337128908,1.9429749015748086,0.9627258321290603,9.261995570866189,0.08682282641539629,0.43272891239961886,0.0075382031867580355,0.35433070866141786,0.9982314046624341,0.4399606299212601,0.15763845238385918,0.8311427788862374,0.024849881669978237,0.8792500000000001,0.9932495982552568,1.6788749999999977,0.11319644670604723,0.6294950624681117,0.012813435546874991,4.6248253968253685,0.815611298019772,45.66965079365055,0.0673955020094518,0.21999972843774707,0.0045421536911060215,4.462551181102318,0.8202637059743287,44.508787401574246,0.06739540776849623,0.2295511897109914,0.004542140988281883,0.8792500000000001,0.9932495982552568,1.6788749999999977,0.11319644670604723,0.6294950624681117,0.012813435546874991,1.2676575203252025,0.9862301405930772,3.4239075203251934,0.09818242538337882,0.5298122977440669,0.009639788654162748,5.354967741935522,0.759149549346722,59.47238709677447,0.06819292275478307,0.20214011811037946,0.00465027471383981,5.141961085509475,0.7705719295405384,56.628776241679596,0.06693531128368171,0.20764205863761578,0.004480335896643368,1.2676575203252025,0.9862301405930772,3.4239075203251934,0.09818242538337882,0.5298122977440669,0.009639788654162748,drz
0.36152805118110265,0.9824201870413227,0.42587352362204767,0.21030899629158445,0.8255789995813585,0.04422987392117368,1.5885671771343568,0.8284596044567539,4.160580321160646,0.11923315402237421,0.43811384446542884,0.01421654501812321,1.6948203740157493,0.8013781548799057,4.824618602362208,0.11674460541443196,0.4262284916700937,0.013629302893371418,0.36152805118110265,0.9824201870413227,0.42587352362204767,0.21030899629158445,0.8255789995813585,0.04422987392117368,0.9440624999999997,0.9316620280576454,1.6518125000000008,0.14626868203327056,0.5966594360706864,0.021394527343750004,3.735492063492056,0.1184439368062149,21.34501587301588,0.08880763860291095,0.22307104487497165,0.00788679667422524,3.8721259842519715,0.0369657448102756,23.354960629921255,0.08744421177516758,0.22239393263862017,0.007646490172980356,0.9440624999999997,0.9316620280576454,1.6518125000000008,0.14626868203327056,0.5966594360706864,0.021394527343750004,1.401041666666667,0.8604683587288166,3.3673780487804867,0.12478153649953179,0.47877072850082136,0.015570431851183985,4.212129032258065,-0.09715063510866294,26.480645161290322,0.08746360027788248,0.19813957124673245,0.007649881373569204,4.247055811571942,-0.13476085080941558,27.429339477726582,0.08632641311571197,0.20334545346085456,0.0074522496014245675,1.401041666666667,0.8604683587288166,3.3673780487804867,0.12478153649953179,0.47877072850082136,0.015570431851183985,drz
0.2888779527559056,0.9827392423058123,0.34067421259842523,0.23166428876339124,0.8607145958777209,0.05366834268824792,1.8995597991195978,0.6902995232928044,6.100812201624402,0.11347814794535875,0.40122476725289397,0.012877290061108729,1.9031126968503966,0.6889721607299233,6.13182824803151,0.11351284145253025,0.4028731713237148,0.01288516517462727,0.2888779527559056,0.9827392423058123,0.34067421259842523,0.23166428876339124,0.8607145958777209,0.05366834268824792,0.64775,0.9533029431254685,0.9208749999999996,0.1737640900312115,0.7032209841628956,0.030193958984374967,3.875555555555554,-0.22386232938934064,23.95453968253968,0.09665685044120467,0.23427487930169105,0.009342546737213409,3.8604094488188982,-0.21892519718235667,23.86418897637793,0.09674822599116982,0.23720144549834082,0.009360219232438467,0.64775,0.9533029431254685,0.9208749999999996,0.1737640900312115,0.7032209841628956,0.030193958984374967,0.8135797764227642,0.9335426621129073,1.3105309959349591,0.15841397141707889,0.641797809062649,0.025094986340131086,4.045290322580646,-0.32618559973545874,25.98077419354838,0.09695560415953089,0.22566100316548696,0.009400389177939644,3.9859831029185853,-0.30172484845713243,25.494687660010236,0.09643452813717994,0.23061092874216094,0.00929961821704055,0.8135797764227642,0.9335426621129073,1.3105309959349591,0.15841397141707889,0.641797809062649,0.025094986340131086,drz
0.2668553149606301,0.9987492451850118,0.3117618110236219,0.18580200588256746,0.8710369383974069,0.03452238538998563,1.9544919089838162,0.9735586700333104,6.584661169322338,0.08989125347728494,0.3987733017642039,0.008080437451717491,1.9794537401574837,0.9728304933165984,6.765501968503943,0.08954229409686387,0.39682803237398895,0.008017822432129262,0.2668553149606301,0.9987492451850118,0.3117618110236219,0.18580200588256746,0.8710369383974069,0.03452238538998563,0.6313125000000005,0.9965889816976568,0.8504374999999986,0.13811453580271701,0.7061680147058818,0.019075625000000002,3.405142857142856,0.9135338141025353,21.48958730158729,0.08468761978781941,0.2760040003373498,0.007171992945326263,3.3822992125984173,0.9141755004028898,21.3298897637795,0.08420849271979915,0.2776691430296483,0.007091070246140466,0.6313125000000005,0.9965889816976568,0.8504374999999986,0.13811453580271701,0.7061680147058818,0.019075625000000002,0.8119283536585349,0.9950224550188196,1.2414253048780464,0.12466695931322531,0.6364940576371251,0.015541850744405375,3.075354838709684,0.9148518820840071,21.132129032258103,0.08242412081416173,0.30947473214120713,0.006793735691987529,3.0305939580133123,0.9156482536655414,20.93356374807989,0.08276749293382059,0.3135013272433047,0.006850457886550041,0.8119283536585349,0.9950224550188196,1.2414253048780464,0.12466695931322531,0.6364940576371251,0.015541850744405375,drz
0.31846702755905565,0.9985749113482845,0.3742002952755907,0.1693736227222731,0.8462703363825849,0.028687424074066912,1.892057784115569,0.9729035683725309,7.120900241800488,0.08940771515325815,0.40883402085755155,0.007993739528926149,1.7955831692913458,0.9747447310250099,6.635888287401597,0.0912343665544041,0.42851005070975007,0.00832370964058337,0.31846702755905565,0.9985749113482845,0.3742002952755907,0.1693736227222731,0.8462703363825849,0.028687424074066912,0.7989374999999997,0.9951422924932248,1.2759374999999977,0.12106173367078048,0.646111323834445,0.014655943359374984,3.890349206349204,0.883187086226951,30.74634920634923,0.07693255022388502,0.25030997934373084,0.005918617283950592,3.7012283464566775,0.8911312904729263,28.65051968503925,0.07706291770616085,0.26386578827318463,0.005938693285386519,0.7989374999999997,0.9951422924932248,1.2759374999999977,0.12106173367078048,0.646111323834445,0.014655943359374984,1.1451981707317063,0.9908731109104777,2.3979928861788573,0.10525896735209135,0.5418125332057773,0.011079450208028634,4.242000000000015,0.8520689550743517,38.94638709677428,0.0767643392971056,0.26116141786238384,0.005892763787721152,4.09075780849974,0.8599722068051768,36.858038914490535,0.07672604330512321,0.26593465387972914,0.005886885721259643,1.1451981707317063,0.9908731109104777,2.3979928861788573,0.10525896735209135,0.5418125332057773,0.011079450208028634,drz
0.34461122047244214,0.9940432330362432,0.4186761811023631,0.2117866778372578,0.8348974031371839,0.04485359690934242,1.6304792609585321,0.9242366589693081,5.0977741955484035,0.12117679579525459,0.44403327873350884,0.014683815839204832,1.721702755905513,0.9121556309287318,5.910679133858287,0.12026494721401307,0.43602824863858125,0.014463657528389351,0.34461122047244214,0.9940432330362432,0.4186761811023631,0.2117866778372578,0.8348974031371839,0.04485359690934242,0.9155624999999991,0.9760971451681477,1.6811874999999936,0.148060818109907,0.6119175420342117,0.021922005859374972,3.924761904761879,0.5782421672911605,26.04653968253948,0.09201059235527163,0.20882944009862744,0.008465949105567971,4.006929133858254,0.551743996822993,27.74110236220462,0.09190496132986403,0.2114324259351773,0.008446521917043802,0.9155624999999991,0.9760971451681477,1.6811874999999936,0.148060818109907,0.6119175420342117,0.021922005859374972,1.3852261178861807,0.9490608260723029,3.5851753048780317,0.12584842577323738,0.4888569713502974,0.015837826269602034,4.473225806451634,0.4594697021608131,32.02393548387106,0.0956772453394976,0.17711786110098737,0.009154135275754417,4.453853046594996,0.45915004509849344,32.20103686635963,0.09222918094372957,0.1816953551071212,0.00850622181755121,1.3852261178861807,0.9490608260723029,3.5851753048780317,0.12584842577323738,0.4888569713502974,0.015837826269602034,drz
0.7237942913385824,0.6397447503388517,1.1119586614173225,0.2786604856983863,0.6758603147006337,0.07765166628966057,0.8076756153512307,0.5706044459306974,1.3242606485212967,0.26882727203563195,0.6463915431193953,0.07226810219011966,0.519069881889764,0.7755547902544235,0.6968503937007875,0.31420825093573107,0.7580410268286601,0.09872682495609134,0.7237942913385824,0.6397447503388517,1.1119586614173225,0.2786604856983863,0.6758603147006337,0.07765166628966057,1.3605000000000007,-0.08529426775009893,3.339375,0.24101345673660002,0.49596949537966384,0.05808748632812497,1.1574603174603166,0.2033624288540958,2.452063492063492,0.24287124764518458,0.5412401044346862,0.05898644293272858,1.1575433070866141,0.21921080616541272,2.405291338582675,0.24234198623283681,0.5375606898935844,0.05872963829127647,1.3605000000000007,-0.08529426775009893,3.339375,0.24101345673660002,0.49596949537966384,0.05808748632812497,1.3992632113821128,-0.11801692984167163,3.4330538617886157,0.24016462619155604,0.48341315579528316,0.05767904767372984,1.261870967741936,0.07077375956673984,2.8554193548387103,0.23978424658753222,0.5149502606406818,0.057496484911550454,1.3182283666154642,9.19671894684407e-06,3.0707885304659492,0.23948432463947805,0.49995859497757006,0.05735274174802692,1.3992632113821128,-0.11801692984167163,3.4330538617886157,0.24016462619155604,0.48341315579528316,0.05767904767372984,Sci
1.2757750984251963,0.5545064819197442,2.9893577755905505,0.18145364231759392,0.5175072205925099,0.03292542431032131,1.3232066464132926,0.5247975393937235,3.190278380556761,0.17895730333444787,0.50624994959902,0.03202571641673759,0.7861712598425199,0.8055480917040283,1.3053641732283465,0.21761908176414074,0.6565784358663008,0.04735806474786777,1.2757750984251963,0.5545064819197442,2.9893577755905505,0.18145364231759392,0.5175072205925099,0.03292542431032131,2.1831874999999994,-0.21909277386439216,8.206062499999991,0.16428887358666433,0.364510923209837,0.026990833984374973,1.8573968253968247,0.12067160965223682,5.92965079365079,0.162943978829644,0.40485889161943966,0.02655074023683547,1.8782362204724397,0.11181556624362621,5.972346456692912,0.1623486128864186,0.3987024234573645,0.026357072106144203,2.1831874999999994,-0.21909277386439216,8.206062499999991,0.16428887358666433,0.364510923209837,0.026990833984374973,2.099974593495934,-0.11956465579921205,7.526676829268288,0.16321464910482575,0.3718911384036126,0.0266390216824114,1.9632258064516157,0.03291510001207576,6.526709677419361,0.1610646485724635,0.38732922318318885,0.025941821019771164,2.0945980542754756,-0.09118628850758347,7.359831029185872,0.16091733413046247,0.3680931257542619,0.0258943884236549,2.099974593495934,-0.11956465579921205,7.526676829268288,0.16321464910482575,0.3718911384036126,0.0266390216824114,Sci
1.6820250984251963,0.5125356863195247,4.843319389763779,0.14182011777073403,0.4302564778449489,0.020112945804504873,1.670283340566682,0.5265476916504309,4.700725401450804,0.1417450910917307,0.4282165207382364,0.02009167084860303,0.9832062007874011,0.8150434903613935,1.8433193897637807,0.17435715584817418,0.5897852091556496,0.0304004177954645,1.6820250984251963,0.5125356863195247,4.843319389763779,0.14182011777073403,0.4302564778449489,0.020112945804504873,2.765375000000001,-0.2689992997152124,12.621124999999994,0.132715810392451,0.300042192705161,0.017613486328125004,2.3181587301587294,0.11022006412669544,8.82469841269841,0.1307933040525531,0.3407965778485168,0.0171068883849836,2.333417322834646,0.09252427466842574,8.993700787401576,0.13113267720731572,0.33979922278556796,0.017195779031558063,2.765375000000001,-0.2689992997152124,12.621124999999994,0.132715810392451,0.300042192705161,0.017613486328125004,2.6010543699186996,-0.10444979797081758,11.007558434959343,0.12996940917795483,0.30987475039844375,0.016892047322066644,2.5136774193548383,-0.0347993508630396,10.27109677419355,0.1296483276628159,0.31817178642468374,0.016808688865764875,2.5709805427547368,-0.0954993400470567,10.858358934971834,0.13035034866742368,0.31581189826516987,0.016991213397718922,2.6010543699186996,-0.10444979797081758,11.007558434959343,0.12996940917795483,0.30987475039844375,0.016892047322066644,Sci
1.9536786417322847,0.46753849396162256,6.4474040354330695,0.1255003956597636,0.38714523745400675,0.01575034931075721,1.8802157604315217,0.5102812618091447,5.918903837807679,0.12680310772235912,0.3951340944628737,0.01607902812804821,1.1563730314960632,0.7906855098881572,2.53567913385827,0.154663754458879,0.5467143741029838,0.023920876943316415,1.9536786417322847,0.46753849396162256,6.4474040354330695,0.1255003956597636,0.38714523745400675,0.01575034931075721,3.0206249999999994,-0.23774929433474634,14.967374999999999,0.11881532742558924,0.27885896896436657,0.01411708203124998,2.528507936507932,0.13980011587687508,10.404571428571426,0.11764627922021703,0.3165404776865039,0.013840647014361268,2.652598425196849,0.04657873882231925,11.535370078740145,0.11683603706613432,0.3077535141335867,0.013650659557319113,3.0206249999999994,-0.23774929433474634,14.967374999999999,0.11881532742558924,0.27885896896436657,0.01411708203124998,2.8762703252032544,-0.1082187699980308,13.396468495934956,0.11766074752689894,0.28602991052910515,0.013844051508588653,2.7572258064516184,-0.019550070519547855,12.327161290322596,0.11692491609645199,0.29551551777390817,0.013671436004162337,2.847542242703535,-0.08474090201768478,13.11123911930364,0.11720816425579111,0.2856130632275871,0.01373775376821251,2.8762703252032544,-0.1082187699980308,13.396468495934956,0.11766074752689894,0.28602991052910515,0.013844051508588653,Sci
0.9796998031496064,0.5826342447209747,1.894315944881889,0.22568516648745782,0.5963661310796842,0.05093379437247155,1.0591481182962361,0.5308407287242086,2.125426250852502,0.21909047253212224,0.5706209936817572,0.04800063515434862,0.6293676181102366,0.8001412487351565,0.9049581692913395,0.2641902751246617,0.7123725427103003,0.06979650147044443,0.9796998031496064,0.5826342447209747,1.894315944881889,0.22568516648745782,0.5963661310796842,0.05093379437247155,1.738875,-0.16956999497016917,5.332999999999996,0.20072817148602978,0.42662208647672195,0.040291798828124975,1.506095238095238,0.1169435209695917,4.012888888888886,0.19962752415461327,0.46570525160488785,0.0398511484001007,1.4746456692913392,0.1649726035406171,3.7829291338582673,0.1999239337026923,0.46786565166494815,0.0399695792671585,1.738875,-0.16956999497016917,5.332999999999996,0.20072817148602978,0.42662208647672195,0.040291798828124975,1.7209095528455298,-0.13814399006417538,5.21112804878049,0.19879910627324154,0.43056550781277975,0.03952108465503958,1.602709677419356,0.011573555807886814,4.491870967741937,0.19852956856391113,0.44706771490627234,0.039413989594172694,1.6520097286226314,-0.03662702030674038,4.708461341525856,0.19829071762859157,0.43660244574112683,0.03931920869766183,1.7209095528455298,-0.13814399006417538,5.21112804878049,0.19879910627324154,0.43056550781277975,0.03952108465503958,Sci
1.3569143700787398,0.5165771147955225,3.307209645669294,0.17485442620777245,0.49593646678453684,0.030574070364449337,1.3759687519375052,0.5106868868469664,3.3374046748093513,0.17320813532312088,0.48899030958928574,0.03000105814211255,0.8073941929133864,0.8005793306977816,1.3594365157480324,0.21324878804103464,0.6491877780207878,0.04547504560097012,1.3569143700787398,0.5165771147955225,3.307209645669294,0.17485442620777245,0.49593646678453684,0.030574070364449337,2.236812500000001,-0.22889410791749168,8.440687500000001,0.16198712333083773,0.3532454090662467,0.02623982812500003,1.8789841269841283,0.13121949323737322,5.9432380952380965,0.16019448371510434,0.3968202159399091,0.02566227261274883,1.9000944881889745,0.09029508860910461,6.210393700787397,0.16068052313974143,0.39773281452434184,0.02581823051646098,2.236812500000001,-0.22889410791749168,8.440687500000001,0.16198712333083773,0.3532454090662467,0.02623982812500003,2.1222688008130084,-0.09865922537930247,7.585302337398373,0.15886563270286483,0.36657493733945984,0.02523828925408155,1.990774193548389,0.01758006193396906,6.736580645161293,0.15897166941105664,0.38406314298549765,0.02527199167533828,2.0978622631848447,-0.09688946364259803,7.507360471070145,0.16029954005983613,0.37377508630890166,0.02569594254339501,2.1222688008130084,-0.09865922537930247,7.585302337398373,0.15886563270286483,0.36657493733945984,0.02523828925408155,Sci
1.6134965551181095,0.497437065098116,4.4721333661417315,0.14926507565280397,0.4417132533142479,0.02228006280963729,1.5836691673383354,0.5210296678948739,4.254758509517023,0.14999330585021856,0.4437955596357107,0.022497991799877208,0.9229822834645676,0.8122732798833612,1.674089566929135,0.18544866281200528,0.6100639044578653,0.034391206538760835,1.6134965551181095,0.497437065098116,4.4721333661417315,0.14926507565280397,0.4417132533142479,0.02228006280963729,2.5716875,-0.2223484888846555,10.832312500000002,0.14011872755809637,0.3149290417990454,0.019633257812500034,2.1424761904761898,0.14620127216152093,7.545015873015867,0.1391810550584223,0.36040060754660364,0.01937136608717558,2.246425196850392,0.05985411614550532,8.337259842519684,0.13880384642010302,0.3491208620696551,0.019266507781015543,2.5716875,-0.2223484888846555,10.832312500000002,0.14011872755809637,0.3149290417990454,0.019633257812500034,2.3833206300813,-0.06290412993097312,9.35029217479674,0.13838571566276686,0.3332729638752138,0.019150606299496154,2.2781290322580667,0.04140541141124595,8.452451612903221,0.1384181632923961,0.340854321590371,0.019159587929240426,2.458845366103428,-0.10642731284344029,9.758512544802866,0.1383847749929225,0.31890225294529934,0.019150345949841788,2.3833206300813,-0.06290412993097312,9.35029217479674,0.13838571566276686,0.3332729638752138,0.019150606299496154,Sci
1.87869094488189,0.4659984559772543,5.933686023622053,0.13057488798598288,0.39705039599758946,0.017049801372551975,1.808667617335237,0.5091733910245533,5.450430900861802,0.13213254143459213,0.4051868934901033,0.01745900850596421,1.1321358267716541,0.7816033223837168,2.4318405511811023,0.15987634029866535,0.5526362819372164,0.025560444187294647,1.87869094488189,0.4659984559772543,5.933686023622053,0.13057488798598288,0.39705039599758946,0.017049801372551975,2.8875624999999974,-0.21907468986109918,13.54318749999998,0.12347291422362618,0.2858979887642644,0.015245560546874946,2.42761904761905,0.1391211880685309,9.592571428571437,0.12274183506482983,0.32552989944017957,0.015065558075081888,2.576503937007874,0.01836847306278517,10.92510236220472,0.12214874925529884,0.3146489995158008,0.014920316944633867,2.8875624999999974,-0.21907468986109918,13.54318749999998,0.12347291422362618,0.2858979887642644,0.015245560546874946,2.690040650406502,-0.0557718097832253,11.75165142276423,0.12200283209245023,0.30212481379894535,0.014884691038578604,2.583935483870969,0.021007139863840407,10.896580645161297,0.1219957864201317,0.3140082031837195,0.014882971904266391,2.671466973886326,-0.03850748292074288,11.570468509984646,0.12199216846362011,0.30318614140830175,0.01488208916645627,2.690040650406502,-0.0557718097832253,11.75165142276423,0.12200283209245023,0.30212481379894535,0.014884691038578604,Sci
1.0803395669291334,0.5668481253543717,2.1888533464566926,0.20687648658255464,0.5629767070999984,0.04279788070074191,1.138260276520553,0.5245289888614285,2.400582801165603,0.2030145611858503,0.5482993582839316,0.041214912053483356,0.6763656496062995,0.7986632537042114,1.017162893700788,0.24590946628476626,0.6948900936188884,0.06047146560845859,1.0803395669291334,0.5668481253543717,2.1888533464566926,0.20687648658255464,0.5629767070999984,0.04279788070074191,1.8813125000000006,-0.18907830713372034,6.016812499999995,0.18582044634875353,0.39796197757813645,0.034529238281249985,1.629523809523809,0.1041263950032148,4.536571428571425,0.18448304926158543,0.43754917232768503,0.03403399546485256,1.607433070866142,0.12913249342701566,4.40844094488189,0.1854182831758492,0.44102855948329833,0.03437993973587941,1.8813125000000006,-0.18907830713372034,6.016812499999995,0.18582044634875353,0.39796197757813645,0.034529238281249985,1.8320630081300813,-0.11495941861348649,5.661712398373982,0.1843875118060921,0.4047016190732711,0.03399875451004176,1.7244516129032263,0.009391534076864102,5.0272903225806465,0.18337186363946292,0.4209332495862327,0.03362524037460978,1.7953149001536115,-0.0664030666928836,5.409626216077836,0.18450918435233357,0.40925194684744587,0.03404363911036341,1.8320630081300813,-0.11495941861348649,5.661712398373982,0.1843875118060921,0.4047016190732711,0.03399875451004176,Sci
1.391793799212597,0.4949940898426174,3.4020054133858246,0.16988926209335614,0.48464151375779035,0.02886236137462506,1.4005208010416021,0.4962002522478338,3.3891127782255577,0.16927737066483,0.4801080654086098,0.028654828219198247,0.8448572834645667,0.7863637241837911,1.4354084645669305,0.20594259269830678,0.6340747789218063,0.04241235148730069,1.391793799212597,0.4949940898426174,3.4020054133858246,0.16988926209335614,0.48464151375779035,0.02886236137462506,2.235937500000001,-0.2068555333621155,8.150437499999994,0.1582299305994287,0.3470235444415493,0.02503671093750002,1.9079365079365058,0.10645987764288418,6.038095238095234,0.1569937596351328,0.3903993058370892,0.024647040564373852,1.9606929133858264,0.05984310094100586,6.336377952755902,0.1564373082396357,0.38124180150231146,0.02447263140926279,2.235937500000001,-0.2068555333621155,8.150437499999994,0.1582299305994287,0.3470235444415493,0.02503671093750002,2.118076727642278,-0.08174225599988279,7.296176321138208,0.15628596904264147,0.3595139764195016,0.024425304119597487,2.0091612903225804,0.01967830186617637,6.630838709677416,0.1563055254099268,0.3758561111272287,0.02443141727367327,2.0967741935483866,-0.06184604372077817,7.182411674347158,0.15599915608303233,0.36293268609352075,0.02433573669861828,2.118076727642278,-0.08174225599988279,7.296176321138208,0.15628596904264147,0.3595139764195016,0.024425304119597487,Sci
1.5669906496062984,0.4909870579478829,4.254367618110237,0.15354381848470952,0.4519212406929434,0.023575704194865425,1.5221650443300894,0.5229766918149048,3.981213962427926,0.1547800592756417,0.45811565616946925,0.023956866749371156,0.9350393700787406,0.7953787023797665,1.7107529527559064,0.18729943171339872,0.6061725276221285,0.035081077120162105,1.5669906496062984,0.4909870579478829,4.254367618110237,0.15354381848470952,0.4519212406929434,0.023575704194865425,2.4835,-0.22189247140766405,10.257500000000004,0.14326524242641686,0.3265012309096237,0.020524929687499992,2.0827936507936515,0.1457668215735865,7.16,0.14242784880030507,0.36693828521208993,0.020285692113882564,2.2275275590551185,0.019698494686674756,8.195023622047241,0.14226910759893727,0.3482812412544587,0.020240498976997992,2.4835,-0.22189247140766405,10.257500000000004,0.14326524242641686,0.3265012309096237,0.020524929687499992,2.4052337398373984,-0.13440764135197325,9.539888211382117,0.14164700641621542,0.3310902449041272,0.020063874426675374,2.240967741935484,0.016139376711297407,8.265225806451614,0.14125453221758377,0.3473772315476924,0.01995284287200841,2.356118791602661,-0.08194447900068201,9.083717357910912,0.14129199622426972,0.33448084999484184,0.019963428197039047,2.4052337398373984,-0.13440764135197325,9.539888211382117,0.14164700641621542,0.3310902449041272,0.020063874426675374,Sci
1.7315452755905527,0.48014175872564946,5.11158956692914,0.13860108943403499,0.42223646551601585,0.019210261992301365,1.686589373178749,0.5107421646328532,4.8040796081592205,0.1397130252010871,0.4265638136783897,0.019519729410839598,1.01359498031496,0.797451068031466,1.9902189960629928,0.17139261667630562,0.5835034086753079,0.02937542905115104,1.7315452755905527,0.48014175872564946,5.11158956692914,0.13860108943403499,0.42223646551601585,0.019210261992301365,2.7635624999999995,-0.24410335268884983,12.2495625,0.13084144000229808,0.2938330679182705,0.01711948242187497,2.2742222222222237,0.14457451347026798,8.408952380952377,0.1289715037441594,0.3408065408096171,0.01663364877802972,2.402078740157481,0.04422952088279254,9.387779527559058,0.12862181562683253,0.3292170559816228,0.016543571455142903,2.7635624999999995,-0.24410335268884983,12.2495625,0.13084144000229808,0.2938330679182705,0.01711948242187497,2.5543699186991855,-0.0721978687538864,10.555259146341465,0.12858853928219252,0.3121883656353483,0.01653501243472797,2.417419354838711,0.03730474338318724,9.464387096774203,0.12814625651697079,0.32754721103643936,0.016421463059313277,2.5236815156169987,-0.045204081855428804,10.27278545826933,0.12837868012812323,0.314362564616702,0.01648108551143898,2.5543699186991855,-0.0721978687538864,10.555259146341465,0.12858853928219252,0.3121883656353483,0.01653501243472797,Sci
1.0756028543307083,0.6026480282585819,2.18706938976378,0.20806778105608362,0.5661824677906343,0.043292201513602344,1.1153202306404622,0.579081683101977,2.3187426374852773,0.20485168419293562,0.554612409561098,0.04196421251668223,0.6504060039370079,0.8248989974051247,0.9643823818897637,0.2502341013107931,0.7052644581342046,0.06261710545882025,1.0756028543307083,0.6026480282585819,2.18706938976378,0.20806778105608362,0.5661824677906343,0.043292201513602344,1.8525000000000003,-0.09417125074902667,6.014249999999996,0.18569099205736925,0.40727619260963616,0.034481144531249966,1.596126984126982,0.19376063937851137,4.464571428571421,0.18594081422473574,0.4473845211015651,0.034573986394557686,1.6120944881889774,0.18712502092598685,4.494362204724409,0.18565723482056282,0.4426547162034985,0.03446860884121761,1.8525000000000003,-0.09417125074902667,6.014249999999996,0.18569099205736925,0.40727619260963616,0.034481144531249966,1.895452235772358,-0.149924802726232,6.2822662601626025,0.18540657998756635,0.4029136318438539,0.034375599902685836,1.7066451612903235,0.07418079327751137,5.13206451612903,0.18438627846948139,0.43084485545318846,0.03399829968782513,1.7851382488479277,-0.00024322671848231862,5.53974654377881,0.18383276762276005,0.41686195544346594,0.03379448645184369,1.895452235772358,-0.149924802726232,6.2822662601626025,0.18540657998756635,0.4029136318438539,0.034375599902685836,Sci
1.2413877952755898,0.5191943339586929,2.819512795275592,0.19044313885971534,0.5229299661040977,0.036268589138740814,1.2535805071610149,0.5224784681044676,2.7973835947671923,0.1892634241379766,0.5157014843098429,0.03582064371643162,0.7544291338582678,0.7930005050058241,1.2162893700787407,0.22904486098471386,0.6673202623741071,0.0524615483435069,1.2413877952755898,0.5191943339586929,2.819512795275592,0.19044313885971534,0.5229299661040977,0.036268589138740814,1.9903749999999996,-0.17258395808905908,6.852375000000005,0.17666597631547498,0.38826573334588055,0.03121086718749997,1.6862857142857144,0.17421694503244706,4.838158730158731,0.1744813832086958,0.42705156989170695,0.030443753086419757,1.7714015748031502,0.08788482137115959,5.354267716535428,0.1738576001356577,0.41557525957156777,0.03022646512493025,1.9903749999999996,-0.17258395808905908,6.852375000000005,0.17666597631547498,0.38826573334588055,0.03121086718749997,1.9876778455284565,-0.14426740340587643,6.653455284552855,0.17515411168496062,0.38238504676003454,0.03067896284014766,1.7960000000000025,0.06437528982258085,5.4676129032258105,0.17340249894081083,0.4088274732425456,0.030068426638917903,1.9170506912442409,-0.062247952116843905,6.228878648233489,0.17279869126623054,0.39258931444082784,0.02985938770332206,1.9876778455284565,-0.14426740340587643,6.653455284552855,0.17515411168496062,0.38238504676003454,0.03067896284014766,Sci
1.486958661417322,0.4930836732624684,3.889148622047244,0.16174956800006848,0.4685194001201546,0.026162922748208774,1.4571889143778292,0.519677266675752,3.6791493582987203,0.162369589109009,0.4707356181644002,0.026363883467428417,0.8634965551181097,0.8048309171200859,1.4956323818897623,0.19901351343354362,0.6287832696604837,0.03960637852916325,1.486958661417322,0.4930836732624684,3.889148622047244,0.16174956800006848,0.4685194001201546,0.026162922748208774,2.3308749999999994,-0.1875071375694155,9.135874999999997,0.15060537346198832,0.3441553775270674,0.022681978515624975,1.9600634920634916,0.16282963236327316,6.416317460317466,0.1505841619198834,0.3851367771625498,0.022675589821113666,2.0604094488188975,0.06711728164252197,7.144881889763773,0.14962905421644457,0.374119880617149,0.022388853865707707,2.3308749999999994,-0.1875071375694155,9.135874999999997,0.15060537346198832,0.3441553775270674,0.022681978515624975,2.2837271341463423,-0.10757737147223084,8.508574695121943,0.14856113806832685,0.3415825719567022,0.022070411744156478,2.130709677419355,0.019200550756066876,7.521677419354842,0.1491842542876673,0.3628851099265107,0.022255941727367376,2.2062852022529436,-0.05253860900586977,8.06150793650794,0.1483217081347707,0.3529724952984539,0.021999329104016103,2.2837271341463423,-0.10757737147223084,8.508574695121943,0.14856113806832685,0.3415825719567022,0.022070411744156478,Sci
1.6486835629921268,0.4702223622498237,4.641793799212602,0.14866127872498772,0.4347501600151171,0.022100175792148482,1.6417012834025668,0.4820992812955919,4.533139066278138,0.14826591092032393,0.432440999927692,0.021982780341033428,0.9754552165354332,0.7868049667018033,1.865711122047245,0.18226306432834996,0.5953049656938182,0.03321982461836023,1.6486835629921268,0.4702223622498237,4.641793799212602,0.14866127872498772,0.4347501600151171,0.022100175792148482,2.564375,-0.22857492012213693,10.791125000000008,0.13981697718580174,0.3147474363992119,0.019548787109375007,2.181269841269842,0.10378818406032282,7.856698412698409,0.1386477834691999,0.3564908974672072,0.019223207860922138,2.24636220472441,0.04500321370157382,8.354330708661413,0.13865724550727035,0.3477590666458214,0.019225831731663444,2.564375,-0.22857492012213693,10.791125000000008,0.13981697718580174,0.3147474363992119,0.019548787109375007,2.382685467479673,-0.06342531734053543,9.343432418699184,0.1380098863555227,0.3329915072411256,0.019046728731864287,2.3054838709677457,0.006009207539416823,8.70341935483872,0.1382539701048037,0.34045218127102367,0.019114160249739953,2.305107526881722,-0.007151809128686696,8.815220174091142,0.13884660140425525,0.34346181462705705,0.019278378721512134,2.382685467479673,-0.06342531734053543,9.343432418699184,0.1380098863555227,0.3329915072411256,0.019046728731864287,Sci
0.7237942913385824,0.6397447503388517,1.1119586614173225,0.2786604856983863,0.6758603147006337,0.07765166628966057,0.8076756153512307,0.5706044459306974,1.3242606485212967,0.26882727203563195,0.6463915431193953,0.07226810219011966,0.519069881889764,0.7755547902544235,0.6968503937007875,0.31420825093573107,0.7580410268286601,0.09872682495609134,0.7237942913385824,0.6397447503388517,1.1119586614173225,0.2786604856983863,0.6758603147006337,0.07765166628966057,1.3605000000000007,-0.08529426775009893,3.339375,0.24101345673660002,0.49596949537966384,0.05808748632812497,1.1574603174603166,0.2033624288540958,2.452063492063492,0.24287124764518458,0.5412401044346862,0.05898644293272858,1.1575433070866141,0.21921080616541272,2.405291338582675,0.24234198623283681,0.5375606898935844,0.05872963829127647,1.3605000000000007,-0.08529426775009893,3.339375,0.24101345673660002,0.49596949537966384,0.05808748632812497,1.3992632113821128,-0.11801692984167163,3.4330538617886157,0.24016462619155604,0.48341315579528316,0.05767904767372984,1.261870967741936,0.07077375956673984,2.8554193548387103,0.23978424658753222,0.5149502606406818,0.057496484911550454,1.3182283666154642,9.19671894684407e-06,3.0707885304659492,0.23948432463947805,0.49995859497757006,0.05735274174802692,1.3992632113821128,-0.11801692984167163,3.4330538617886157,0.24016462619155604,0.48341315579528316,0.05767904767372984,Sci
1.2757750984251963,0.5545064819197442,2.9893577755905505,0.18145364231759392,0.5175072205925099,0.03292542431032131,1.3232066464132926,0.5247975393937235,3.190278380556761,0.17895730333444787,0.50624994959902,0.03202571641673759,0.7861712598425199,0.8055480917040283,1.3053641732283465,0.21761908176414074,0.6565784358663008,0.04735806474786777,1.2757750984251963,0.5545064819197442,2.9893577755905505,0.18145364231759392,0.5175072205925099,0.03292542431032131,2.1831874999999994,-0.21909277386439216,8.206062499999991,0.16428887358666433,0.364510923209837,0.026990833984374973,1.8573968253968247,0.12067160965223682,5.92965079365079,0.162943978829644,0.40485889161943966,0.02655074023683547,1.8782362204724397,0.11181556624362621,5.972346456692912,0.1623486128864186,0.3987024234573645,0.026357072106144203,2.1831874999999994,-0.21909277386439216,8.206062499999991,0.16428887358666433,0.364510923209837,0.026990833984374973,2.099974593495934,-0.11956465579921205,7.526676829268288,0.16321464910482575,0.3718911384036126,0.0266390216824114,1.9632258064516157,0.03291510001207576,6.526709677419361,0.1610646485724635,0.38732922318318885,0.025941821019771164,2.0945980542754756,-0.09118628850758347,7.359831029185872,0.16091733413046247,0.3680931257542619,0.0258943884236549,2.099974593495934,-0.11956465579921205,7.526676829268288,0.16321464910482575,0.3718911384036126,0.0266390216824114,Sci
1.6820250984251963,0.5125356863195247,4.843319389763779,0.14182011777073403,0.4302564778449489,0.020112945804504873,1.670283340566682,0.5265476916504309,4.700725401450804,0.1417450910917307,0.4282165207382364,0.02009167084860303,0.9832062007874011,0.8150434903613935,1.8433193897637807,0.17435715584817418,0.5897852091556496,0.0304004177954645,1.6820250984251963,0.5125356863195247,4.843319389763779,0.14182011777073403,0.4302564778449489,0.020112945804504873,2.765375000000001,-0.2689992997152124,12.621124999999994,0.132715810392451,0.300042192705161,0.017613486328125004,2.3181587301587294,0.11022006412669544,8.82469841269841,0.1307933040525531,0.3407965778485168,0.0171068883849836,2.333417322834646,0.09252427466842574,8.993700787401576,0.13113267720731572,0.33979922278556796,0.017195779031558063,2.765375000000001,-0.2689992997152124,12.621124999999994,0.132715810392451,0.300042192705161,0.017613486328125004,2.6010543699186996,-0.10444979797081758,11.007558434959343,0.12996940917795483,0.30987475039844375,0.016892047322066644,2.5136774193548383,-0.0347993508630396,10.27109677419355,0.1296483276628159,0.31817178642468374,0.016808688865764875,2.5709805427547368,-0.0954993400470567,10.858358934971834,0.13035034866742368,0.31581189826516987,0.016991213397718922,2.6010543699186996,-0.10444979797081758,11.007558434959343,0.12996940917795483,0.30987475039844375,0.016892047322066644,Sci
1.9536786417322847,0.46753849396162256,6.4474040354330695,0.1255003956597636,0.38714523745400675,0.01575034931075721,1.8802157604315217,0.5102812618091447,5.918903837807679,0.12680310772235912,0.3951340944628737,0.01607902812804821,1.1563730314960632,0.7906855098881572,2.53567913385827,0.154663754458879,0.5467143741029838,0.023920876943316415,1.9536786417322847,0.46753849396162256,6.4474040354330695,0.1255003956597636,0.38714523745400675,0.01575034931075721,3.0206249999999994,-0.23774929433474634,14.967374999999999,0.11881532742558924,0.27885896896436657,0.01411708203124998,2.528507936507932,0.13980011587687508,10.404571428571426,0.11764627922021703,0.3165404776865039,0.013840647014361268,2.652598425196849,0.04657873882231925,11.535370078740145,0.11683603706613432,0.3077535141335867,0.013650659557319113,3.0206249999999994,-0.23774929433474634,14.967374999999999,0.11881532742558924,0.27885896896436657,0.01411708203124998,2.8762703252032544,-0.1082187699980308,13.396468495934956,0.11766074752689894,0.28602991052910515,0.013844051508588653,2.7572258064516184,-0.019550070519547855,12.327161290322596,0.11692491609645199,0.29551551777390817,0.013671436004162337,2.847542242703535,-0.08474090201768478,13.11123911930364,0.11720816425579111,0.2856130632275871,0.01373775376821251,2.8762703252032544,-0.1082187699980308,13.396468495934956,0.11766074752689894,0.28602991052910515,0.013844051508588653,Sci
0.9796998031496064,0.5826342447209747,1.894315944881889,0.22568516648745782,0.5963661310796842,0.05093379437247155,1.0591481182962361,0.5308407287242086,2.125426250852502,0.21909047253212224,0.5706209936817572,0.04800063515434862,0.6293676181102366,0.8001412487351565,0.9049581692913395,0.2641902751246617,0.7123725427103003,0.06979650147044443,0.9796998031496064,0.5826342447209747,1.894315944881889,0.22568516648745782,0.5963661310796842,0.05093379437247155,1.738875,-0.16956999497016917,5.332999999999996,0.20072817148602978,0.42662208647672195,0.040291798828124975,1.506095238095238,0.1169435209695917,4.012888888888886,0.19962752415461327,0.46570525160488785,0.0398511484001007,1.4746456692913392,0.1649726035406171,3.7829291338582673,0.1999239337026923,0.46786565166494815,0.0399695792671585,1.738875,-0.16956999497016917,5.332999999999996,0.20072817148602978,0.42662208647672195,0.040291798828124975,1.7209095528455298,-0.13814399006417538,5.21112804878049,0.19879910627324154,0.43056550781277975,0.03952108465503958,1.602709677419356,0.011573555807886814,4.491870967741937,0.19852956856391113,0.44706771490627234,0.039413989594172694,1.6520097286226314,-0.03662702030674038,4.708461341525856,0.19829071762859157,0.43660244574112683,0.03931920869766183,1.7209095528455298,-0.13814399006417538,5.21112804878049,0.19879910627324154,0.43056550781277975,0.03952108465503958,Sci
1.3569143700787398,0.5165771147955225,3.307209645669294,0.17485442620777245,0.49593646678453684,0.030574070364449337,1.3759687519375052,0.5106868868469664,3.3374046748093513,0.17320813532312088,0.48899030958928574,0.03000105814211255,0.8073941929133864,0.8005793306977816,1.3594365157480324,0.21324878804103464,0.6491877780207878,0.04547504560097012,1.3569143700787398,0.5165771147955225,3.307209645669294,0.17485442620777245,0.49593646678453684,0.030574070364449337,2.236812500000001,-0.22889410791749168,8.440687500000001,0.16198712333083773,0.3532454090662467,0.02623982812500003,1.8789841269841283,0.13121949323737322,5.9432380952380965,0.16019448371510434,0.3968202159399091,0.02566227261274883,1.9000944881889745,0.09029508860910461,6.210393700787397,0.16068052313974143,0.39773281452434184,0.02581823051646098,2.236812500000001,-0.22889410791749168,8.440687500000001,0.16198712333083773,0.3532454090662467,0.02623982812500003,2.1222688008130084,-0.09865922537930247,7.585302337398373,0.15886563270286483,0.36657493733945984,0.02523828925408155,1.990774193548389,0.01758006193396906,6.736580645161293,0.15897166941105664,0.38406314298549765,0.02527199167533828,2.0978622631848447,-0.09688946364259803,7.507360471070145,0.16029954005983613,0.37377508630890166,0.02569594254339501,2.1222688008130084,-0.09865922537930247,7.585302337398373,0.15886563270286483,0.36657493733945984,0.02523828925408155,Sci
1.6134965551181095,0.497437065098116,4.4721333661417315,0.14926507565280397,0.4417132533142479,0.02228006280963729,1.5836691673383354,0.5210296678948739,4.254758509517023,0.14999330585021856,0.4437955596357107,0.022497991799877208,0.9229822834645676,0.8122732798833612,1.674089566929135,0.18544866281200528,0.6100639044578653,0.034391206538760835,1.6134965551181095,0.497437065098116,4.4721333661417315,0.14926507565280397,0.4417132533142479,0.02228006280963729,2.5716875,-0.2223484888846555,10.832312500000002,0.14011872755809637,0.3149290417990454,0.019633257812500034,2.1424761904761898,0.14620127216152093,7.545015873015867,0.1391810550584223,0.36040060754660364,0.01937136608717558,2.246425196850392,0.05985411614550532,8.337259842519684,0.13880384642010302,0.3491208620696551,0.019266507781015543,2.5716875,-0.2223484888846555,10.832312500000002,0.14011872755809637,0.3149290417990454,0.019633257812500034,2.3833206300813,-0.06290412993097312,9.35029217479674,0.13838571566276686,0.3332729638752138,0.019150606299496154,2.2781290322580667,0.04140541141124595,8.452451612903221,0.1384181632923961,0.340854321590371,0.019159587929240426,2.458845366103428,-0.10642731284344029,9.758512544802866,0.1383847749929225,0.31890225294529934,0.019150345949841788,2.3833206300813,-0.06290412993097312,9.35029217479674,0.13838571566276686,0.3332729638752138,0.019150606299496154,Sci
1.87869094488189,0.4659984559772543,5.933686023622053,0.13057488798598288,0.39705039599758946,0.017049801372551975,1.808667617335237,0.5091733910245533,5.450430900861802,0.13213254143459213,0.4051868934901033,0.01745900850596421,1.1321358267716541,0.7816033223837168,2.4318405511811023,0.15987634029866535,0.5526362819372164,0.025560444187294647,1.87869094488189,0.4659984559772543,5.933686023622053,0.13057488798598288,0.39705039599758946,0.017049801372551975,2.8875624999999974,-0.21907468986109918,13.54318749999998,0.12347291422362618,0.2858979887642644,0.015245560546874946,2.42761904761905,0.1391211880685309,9.592571428571437,0.12274183506482983,0.32552989944017957,0.015065558075081888,2.576503937007874,0.01836847306278517,10.92510236220472,0.12214874925529884,0.3146489995158008,0.014920316944633867,2.8875624999999974,-0.21907468986109918,13.54318749999998,0.12347291422362618,0.2858979887642644,0.015245560546874946,2.690040650406502,-0.0557718097832253,11.75165142276423,0.12200283209245023,0.30212481379894535,0.014884691038578604,2.583935483870969,0.021007139863840407,10.896580645161297,0.1219957864201317,0.3140082031837195,0.014882971904266391,2.671466973886326,-0.03850748292074288,11.570468509984646,0.12199216846362011,0.30318614140830175,0.01488208916645627,2.690040650406502,-0.0557718097832253,11.75165142276423,0.12200283209245023,0.30212481379894535,0.014884691038578604,Sci
1.0803395669291334,0.5668481253543717,2.1888533464566926,0.20687648658255464,0.5629767070999984,0.04279788070074191,1.138260276520553,0.5245289888614285,2.400582801165603,0.2030145611858503,0.5482993582839316,0.041214912053483356,0.6763656496062995,0.7986632537042114,1.017162893700788,0.24590946628476626,0.6948900936188884,0.06047146560845859,1.0803395669291334,0.5668481253543717,2.1888533464566926,0.20687648658255464,0.5629767070999984,0.04279788070074191,1.8813125000000006,-0.18907830713372034,6.016812499999995,0.18582044634875353,0.39796197757813645,0.034529238281249985,1.629523809523809,0.1041263950032148,4.536571428571425,0.18448304926158543,0.43754917232768503,0.03403399546485256,1.607433070866142,0.12913249342701566,4.40844094488189,0.1854182831758492,0.44102855948329833,0.03437993973587941,1.8813125000000006,-0.18907830713372034,6.016812499999995,0.18582044634875353,0.39796197757813645,0.034529238281249985,1.8320630081300813,-0.11495941861348649,5.661712398373982,0.1843875118060921,0.4047016190732711,0.03399875451004176,1.7244516129032263,0.009391534076864102,5.0272903225806465,0.18337186363946292,0.4209332495862327,0.03362524037460978,1.7953149001536115,-0.0664030666928836,5.409626216077836,0.18450918435233357,0.40925194684744587,0.03404363911036341,1.8320630081300813,-0.11495941861348649,5.661712398373982,0.1843875118060921,0.4047016190732711,0.03399875451004176,Sci
1.391793799212597,0.4949940898426174,3.4020054133858246,0.16988926209335614,0.48464151375779035,0.02886236137462506,1.4005208010416021,0.4962002522478338,3.3891127782255577,0.16927737066483,0.4801080654086098,0.028654828219198247,0.8448572834645667,0.7863637241837911,1.4354084645669305,0.20594259269830678,0.6340747789218063,0.04241235148730069,1.391793799212597,0.4949940898426174,3.4020054133858246,0.16988926209335614,0.48464151375779035,0.02886236137462506,2.235937500000001,-0.2068555333621155,8.150437499999994,0.1582299305994287,0.3470235444415493,0.02503671093750002,1.9079365079365058,0.10645987764288418,6.038095238095234,0.1569937596351328,0.3903993058370892,0.024647040564373852,1.9606929133858264,0.05984310094100586,6.336377952755902,0.1564373082396357,0.38124180150231146,0.02447263140926279,2.235937500000001,-0.2068555333621155,8.150437499999994,0.1582299305994287,0.3470235444415493,0.02503671093750002,2.118076727642278,-0.08174225599988279,7.296176321138208,0.15628596904264147,0.3595139764195016,0.024425304119597487,2.0091612903225804,0.01967830186617637,6.630838709677416,0.1563055254099268,0.3758561111272287,0.02443141727367327,2.0967741935483866,-0.06184604372077817,7.182411674347158,0.15599915608303233,0.36293268609352075,0.02433573669861828,2.118076727642278,-0.08174225599988279,7.296176321138208,0.15628596904264147,0.3595139764195016,0.024425304119597487,Sci
1.5669906496062984,0.4909870579478829,4.254367618110237,0.15354381848470952,0.4519212406929434,0.023575704194865425,1.5221650443300894,0.5229766918149048,3.981213962427926,0.1547800592756417,0.45811565616946925,0.023956866749371156,0.9350393700787406,0.7953787023797665,1.7107529527559064,0.18729943171339872,0.6061725276221285,0.035081077120162105,1.5669906496062984,0.4909870579478829,4.254367618110237,0.15354381848470952,0.4519212406929434,0.023575704194865425,2.4835,-0.22189247140766405,10.257500000000004,0.14326524242641686,0.3265012309096237,0.020524929687499992,2.0827936507936515,0.1457668215735865,7.16,0.14242784880030507,0.36693828521208993,0.020285692113882564,2.2275275590551185,0.019698494686674756,8.195023622047241,0.14226910759893727,0.3482812412544587,0.020240498976997992,2.4835,-0.22189247140766405,10.257500000000004,0.14326524242641686,0.3265012309096237,0.020524929687499992,2.4052337398373984,-0.13440764135197325,9.539888211382117,0.14164700641621542,0.3310902449041272,0.020063874426675374,2.240967741935484,0.016139376711297407,8.265225806451614,0.14125453221758377,0.3473772315476924,0.01995284287200841,2.356118791602661,-0.08194447900068201,9.083717357910912,0.14129199622426972,0.33448084999484184,0.019963428197039047,2.4052337398373984,-0.13440764135197325,9.539888211382117,0.14164700641621542,0.3310902449041272,0.020063874426675374,Sci
1.7315452755905527,0.48014175872564946,5.11158956692914,0.13860108943403499,0.42223646551601585,0.019210261992301365,1.686589373178749,0.5107421646328532,4.8040796081592205,0.1397130252010871,0.4265638136783897,0.019519729410839598,1.01359498031496,0.797451068031466,1.9902189960629928,0.17139261667630562,0.5835034086753079,0.02937542905115104,1.7315452755905527,0.48014175872564946,5.11158956692914,0.13860108943403499,0.42223646551601585,0.019210261992301365,2.7635624999999995,-0.24410335268884983,12.2495625,0.13084144000229808,0.2938330679182705,0.01711948242187497,2.2742222222222237,0.14457451347026798,8.408952380952377,0.1289715037441594,0.3408065408096171,0.01663364877802972,2.402078740157481,0.04422952088279254,9.387779527559058,0.12862181562683253,0.3292170559816228,0.016543571455142903,2.7635624999999995,-0.24410335268884983,12.2495625,0.13084144000229808,0.2938330679182705,0.01711948242187497,2.5543699186991855,-0.0721978687538864,10.555259146341465,0.12858853928219252,0.3121883656353483,0.01653501243472797,2.417419354838711,0.03730474338318724,9.464387096774203,0.12814625651697079,0.32754721103643936,0.016421463059313277,2.5236815156169987,-0.045204081855428804,10.27278545826933,0.12837868012812323,0.314362564616702,0.01648108551143898,2.5543699186991855,-0.0721978687538864,10.555259146341465,0.12858853928219252,0.3121883656353483,0.01653501243472797,Sci
1.0756028543307083,0.6026480282585819,2.18706938976378,0.20806778105608362,0.5661824677906343,0.043292201513602344,1.1153202306404622,0.579081683101977,2.3187426374852773,0.20485168419293562,0.554612409561098,0.04196421251668223,0.6504060039370079,0.8248989974051247,0.9643823818897637,0.2502341013107931,0.7052644581342046,0.06261710545882025,1.0756028543307083,0.6026480282585819,2.18706938976378,0.20806778105608362,0.5661824677906343,0.043292201513602344,1.8525000000000003,-0.09417125074902667,6.014249999999996,0.18569099205736925,0.40727619260963616,0.034481144531249966,1.596126984126982,0.19376063937851137,4.464571428571421,0.18594081422473574,0.4473845211015651,0.034573986394557686,1.6120944881889774,0.18712502092598685,4.494362204724409,0.18565723482056282,0.4426547162034985,0.03446860884121761,1.8525000000000003,-0.09417125074902667,6.014249999999996,0.18569099205736925,0.40727619260963616,0.034481144531249966,1.895452235772358,-0.149924802726232,6.2822662601626025,0.18540657998756635,0.4029136318438539,0.034375599902685836,1.7066451612903235,0.07418079327751137,5.13206451612903,0.18438627846948139,0.43084485545318846,0.03399829968782513,1.7851382488479277,-0.00024322671848231862,5.53974654377881,0.18383276762276005,0.41686195544346594,0.03379448645184369,1.895452235772358,-0.149924802726232,6.2822662601626025,0.18540657998756635,0.4029136318438539,0.034375599902685836,Sci
1.2413877952755898,0.5191943339586929,2.819512795275592,0.19044313885971534,0.5229299661040977,0.036268589138740814,1.2535805071610149,0.5224784681044676,2.7973835947671923,0.1892634241379766,0.5157014843098429,0.03582064371643162,0.7544291338582678,0.7930005050058241,1.2162893700787407,0.22904486098471386,0.6673202623741071,0.0524615483435069,1.2413877952755898,0.5191943339586929,2.819512795275592,0.19044313885971534,0.5229299661040977,0.036268589138740814,1.9903749999999996,-0.17258395808905908,6.852375000000005,0.17666597631547498,0.38826573334588055,0.03121086718749997,1.6862857142857144,0.17421694503244706,4.838158730158731,0.1744813832086958,0.42705156989170695,0.030443753086419757,1.7714015748031502,0.08788482137115959,5.354267716535428,0.1738576001356577,0.41557525957156777,0.03022646512493025,1.9903749999999996,-0.17258395808905908,6.852375000000005,0.17666597631547498,0.38826573334588055,0.03121086718749997,1.9876778455284565,-0.14426740340587643,6.653455284552855,0.17515411168496062,0.38238504676003454,0.03067896284014766,1.7960000000000025,0.06437528982258085,5.4676129032258105,0.17340249894081083,0.4088274732425456,0.030068426638917903,1.9170506912442409,-0.062247952116843905,6.228878648233489,0.17279869126623054,0.39258931444082784,0.02985938770332206,1.9876778455284565,-0.14426740340587643,6.653455284552855,0.17515411168496062,0.38238504676003454,0.03067896284014766,Sci
1.486958661417322,0.4930836732624684,3.889148622047244,0.16174956800006848,0.4685194001201546,0.026162922748208774,1.4571889143778292,0.519677266675752,3.6791493582987203,0.162369589109009,0.4707356181644002,0.026363883467428417,0.8634965551181097,0.8048309171200859,1.4956323818897623,0.19901351343354362,0.6287832696604837,0.03960637852916325,1.486958661417322,0.4930836732624684,3.889148622047244,0.16174956800006848,0.4685194001201546,0.026162922748208774,2.3308749999999994,-0.1875071375694155,9.135874999999997,0.15060537346198832,0.3441553775270674,0.022681978515624975,1.9600634920634916,0.16282963236327316,6.416317460317466,0.1505841619198834,0.3851367771625498,0.022675589821113666,2.0604094488188975,0.06711728164252197,7.144881889763773,0.14962905421644457,0.374119880617149,0.022388853865707707,2.3308749999999994,-0.1875071375694155,9.135874999999997,0.15060537346198832,0.3441553775270674,0.022681978515624975,2.2837271341463423,-0.10757737147223084,8.508574695121943,0.14856113806832685,0.3415825719567022,0.022070411744156478,2.130709677419355,0.019200550756066876,7.521677419354842,0.1491842542876673,0.3628851099265107,0.022255941727367376,2.2062852022529436,-0.05253860900586977,8.06150793650794,0.1483217081347707,0.3529724952984539,0.021999329104016103,2.2837271341463423,-0.10757737147223084,8.508574695121943,0.14856113806832685,0.3415825719567022,0.022070411744156478,Sci
1.6486835629921268,0.4702223622498237,4.641793799212602,0.14866127872498772,0.4347501600151171,0.022100175792148482,1.6417012834025668,0.4820992812955919,4.533139066278138,0.14826591092032393,0.432440999927692,0.021982780341033428,0.9754552165354332,0.7868049667018033,1.865711122047245,0.18226306432834996,0.5953049656938182,0.03321982461836023,1.6486835629921268,0.4702223622498237,4.641793799212602,0.14866127872498772,0.4347501600151171,0.022100175792148482,2.564375,-0.22857492012213693,10.791125000000008,0.13981697718580174,0.3147474363992119,0.019548787109375007,2.181269841269842,0.10378818406032282,7.856698412698409,0.1386477834691999,0.3564908974672072,0.019223207860922138,2.24636220472441,0.04500321370157382,8.354330708661413,0.13865724550727035,0.3477590666458214,0.019225831731663444,2.564375,-0.22857492012213693,10.791125000000008,0.13981697718580174,0.3147474363992119,0.019548787109375007,2.382685467479673,-0.06342531734053543,9.343432418699184,0.1380098863555227,0.3329915072411256,0.019046728731864287,2.3054838709677457,0.006009207539416823,8.70341935483872,0.1382539701048037,0.34045218127102367,0.019114160249739953,2.305107526881722,-0.007151809128686696,8.815220174091142,0.13884660140425525,0.34346181462705705,0.019278378721512134,2.382685467479673,-0.06342531734053543,9.343432418699184,0.1380098863555227,0.3329915072411256,0.019046728731864287,Sci
1.5785556102362206,0.9348516075955344,4.895730807086617,0.13628331185128006,0.4747665210707059,0.018573141089153256,1.6743133486266977,0.9296315724319197,5.288920577841159,0.13038609125233855,0.4494762841646926,0.017000532792063157,0.5671136811023623,0.9895585888804045,0.7859867125984253,0.17876676948648848,0.7378627051859014,0.03195755787263531,1.5785556102362206,0.9348516075955344,4.895730807086617,0.13628331185128006,0.4747665210707059,0.018573141089153256,3.367375000000003,0.6956861776968922,22.58874999999997,0.11639265440739802,0.3060755569099674,0.013547249999999988,2.761841269841265,0.8029515746663195,14.758793650793633,0.11732811951585041,0.3358450210184797,0.013765887629125678,1.768881889763779,0.9246724620199974,5.663811023622035,0.12684344032907924,0.4258401792797575,0.016089258354516682,3.367375000000003,0.6956861776968922,22.58874999999997,0.11639265440739802,0.3060755569099674,0.013547249999999988,3.499872967479675,0.6388661497286727,26.306783536585375,0.11755789092912607,0.31414672023069895,0.0138198577197043,3.3649677419354873,0.6916080834988863,22.909096774193536,0.11719943069687318,0.31221383919042295,0.01373570655567118,2.6929083461341534,0.8128241013340822,14.022401433691751,0.11846768343431345,0.343121915086433,0.014034592018292704,3.499872967479675,0.6388661497286727,26.306783536585375,0.11755789092912607,0.31414672023069895,0.0138198577197043,Pod
2.0711737204724403,0.9024292215546696,8.082615649606318,0.10964533693185054,0.39760274806803503,0.012022099910899028,2.1546283092566245,0.8962746238514019,8.588753177506364,0.10717023179870636,0.3845106054191098,0.01148545858378845,0.6158956692913389,0.9891297198744554,0.9082185039370081,0.16131114746198502,0.7203007643871457,0.026021286295502273,2.0711737204724403,0.9024292215546696,8.082615649606318,0.10964533693185054,0.39760274806803503,0.012022099910899028,4.064125,0.6076112062684401,32.26512500000001,0.09473211613874663,0.26654032290814733,0.00897417382812498,3.493841269841262,0.7189698547975613,23.162412698412712,0.09567321764976751,0.28610778882109295,0.009153364575459785,2.178393700787398,0.8942614696520619,8.746078740157458,0.10602880976516237,0.374388828787278,0.01124210850021699,4.064125,0.6076112062684401,32.26512500000001,0.09473211613874663,0.26654032290814733,0.00897417382812498,3.6445630081300813,0.6708816367383458,26.151168699186968,0.0975581636514645,0.29373616719007506,0.009517595295045929,4.068258064516134,0.6060002258240975,32.34258064516132,0.09551281165595871,0.2666437325174551,0.00912269719042664,3.3771121351766564,0.7351372021624949,21.80465949820791,0.09588889196005748,0.29119848094052264,0.009194679601327575,3.6445630081300813,0.6708816367383458,26.151168699186968,0.0975581636514645,0.29373616719007506,0.009517595295045929,Pod
2.6578494094488168,0.8478257154778485,12.957554133858283,0.09275428450807648,0.3341155630887181,0.008603357294605195,2.7299894599789227,0.8431322483115673,13.368466736933494,0.0911294897950299,0.3227938216895345,0.008304583910302457,0.6512057086614175,0.9882433859071759,1.0134104330708666,0.15354237054592734,0.7086553895769676,0.023575259552862854,2.6578494094488168,0.8478257154778485,12.957554133858283,0.09275428450807648,0.3341155630887181,0.008603357294605195,4.841874999999991,0.454580583650511,45.12225000000001,0.08674849152146663,0.22896832840260034,0.007525300781249968,4.354349206349191,0.5903113556761996,34.44044444444443,0.08570160987988483,0.23289391714595584,0.007344765936003973,2.7737322834645677,0.8346248968521258,14.10462992125981,0.0911153830043316,0.31996344105952856,0.008302013020026039,4.841874999999991,0.454580583650511,45.12225000000001,0.08674849152146663,0.22896832840260034,0.007525300781249968,3.890879065040649,0.6210365696427227,30.64951727642281,0.0870902200055554,0.27277242464268037,0.007584706420616043,4.783419354838727,0.4651695355980385,44.330645161290334,0.08634803617151021,0.23191378170745794,0.007455983350676436,4.334997439836152,0.5848592940643815,34.909882232462934,0.08498560692993705,0.23742718278573277,0.007222553385249763,3.890879065040649,0.6210365696427227,30.64951727642281,0.0870902200055554,0.27277242464268037,0.007584706420616043,Pod
2.5458292322834617,0.8695769016501592,16.775159940944906,0.07431956557045268,0.38412937960086935,0.005523397826580815,3.158782317564646,0.8063939048063564,24.95368590737188,0.06902989228214904,0.3338319647095574,0.004765126028485099,1.3057947834645678,0.9390051589443045,7.871370570866157,0.11181242375990044,0.6178512578632154,0.01250201810706355,2.5458292322834617,0.8695769016501592,16.775159940944906,0.07431956557045268,0.38412937960086935,0.005523397826580815,5.512062499999988,0.47331857292294494,67.7915624999997,0.05529987497160371,0.21906944132780365,0.003058076171875003,5.758603174603154,0.39512439521703785,78.3690158730155,0.05509871120834267,0.21879020692218254,0.0030358679768203467,3.573228346456686,0.6677935669360799,42.96434645669261,0.07080401826462954,0.3388553470956403,0.005013209002417994,5.512062499999988,0.47331857292294494,67.7915624999997,0.05529987497160371,0.21906944132780365,0.003058076171875003,6.46659044715447,0.35638528744204445,83.06643800812982,0.052532228759300366,0.1865456522599101,0.0027596350584194644,6.944903225806481,0.21674646397758077,101.78374193548413,0.051852106986692736,0.18314928210993583,0.0026886409989594295,5.155209933435768,0.4499452262861282,71.31061187916102,0.05912915127511405,0.2526811676531048,0.003496256530515321,6.46659044715447,0.35638528744204445,83.06643800812982,0.052532228759300366,0.1865456522599101,0.0027596350584194644,Pod
2.2749753937007875,0.820690621071877,9.399606299212607,0.08583669067110598,0.3585210890297673,0.0073679374653671335,2.4856469712939453,0.7892525855182125,11.04625209250419,0.08272466305432835,0.333473571562109,0.006843369877452157,0.7315452755905527,0.9730286056227648,1.4148622047244124,0.13880883033878313,0.6894616128021738,0.01926789138002108,2.2749753937007875,0.820690621071877,9.399606299212607,0.08583669067110598,0.3585210890297673,0.0073679374653671335,4.83206249999999,0.19882351232444376,42.043437499999946,0.06538702387037491,0.2037898356943511,0.004275462890624979,4.234222222222217,0.38891407143179474,32.046666666666646,0.06742742055036699,0.2257214643442,0.004546457042076052,2.295307086614171,0.8082807481873431,10.057952755905488,0.08479213989170196,0.3614123033174144,0.007189706987413955,4.83206249999999,0.19882351232444376,42.043437499999946,0.06538702387037491,0.2037898356943511,0.004275462890624979,5.5022865853658445,-0.006430329472233717,52.80894308943076,0.06558523680734027,0.18037858440412294,0.004301423287074902,5.063096774193549,0.12792851179098347,45.746838709677455,0.06492537940388832,0.19501590856671755,0.004215304890738845,3.6581541218638014,0.5395116849878668,24.163274449564774,0.07063322539916142,0.2511246736205481,0.004989052530288742,5.5022865853658445,-0.006430329472233717,52.80894308943076,0.06558523680734027,0.18037858440412294,0.004301423287074902,Pod
2.3390748031496087,0.8100075302887751,10.14185531496066,0.08248772101775005,0.35576478158268626,0.006804224118702165,2.4807489614979272,0.7883298348524473,11.279558559117145,0.08034460169167744,0.33814750655570996,0.006455255020994297,0.6386564960629928,0.9816802183129792,0.9808070866141739,0.1414665541257594,0.7125382096789774,0.020012785936216415,2.3390748031496087,0.8100075302887751,10.14185531496066,0.08248772101775005,0.35576478158268626,0.006804224118702165,4.851687499999994,0.20976258364879222,41.97668750000001,0.06344559677392907,0.19920192777327606,0.0040253437499999985,4.172190476190469,0.40982247666083177,31.302603174603167,0.06584108616098407,0.2273941031879507,0.004335048626858127,2.307653543307084,0.8241200170757977,9.357480314960616,0.08181358055313259,0.3472564578044501,0.006693461962923916,4.851687499999994,0.20976258364879222,41.97668750000001,0.06344559677392907,0.19920192777327606,0.0040253437499999985,5.735772357723577,-0.025544746592723013,54.366488821138155,0.06380352974247441,0.15916830623597553,0.004070890407598817,5.016129032258073,0.15751873291428145,44.57458064516129,0.06334215759034267,0.19396824274015054,0.004012228928199807,3.7057731694828493,0.5410224667822101,24.32968509984639,0.06825011313468438,0.24447281880170885,0.004658077942897217,5.735772357723577,-0.025544746592723013,54.366488821138155,0.06380352974247441,0.15916830623597553,0.004070890407598817,Pod
2.486589566929128,0.8085155233915493,12.850270669291378,0.08429213191229186,0.3573002020686843,0.007105163502319211,2.615599231198469,0.7877872767830425,14.2171864343729,0.08256684800275661,0.3454350216328331,0.006817284389110313,0.6979576771653556,0.9816959937110739,1.2225639763779548,0.1397253539784244,0.6958524270305789,0.019523174544396,2.486589566929128,0.8085155233915493,12.850270669291378,0.08429213191229186,0.3573002020686843,0.007105163502319211,5.272812499999988,0.2114763888313838,53.28256249999991,0.06411680625038947,0.19609588302816539,0.004110964843749983,4.438222222222204,0.4152481707431223,39.25117460317446,0.06780995481701153,0.2306647518937397,0.004598189972285146,2.5460157480314893,0.8107824123632129,12.65713385826769,0.08213085044581708,0.3393854423140568,0.006745476594953171,5.272812499999988,0.2114763888313838,53.28256249999991,0.06411680625038947,0.19609588302816539,0.004110964843749983,6.268229166666668,-0.007212803920659984,68.35943851626013,0.061352022320882084,0.15577933914467965,0.003764070642862013,5.423096774193557,0.170103570973852,55.87896774193558,0.06377790548369915,0.19050628188530389,0.004067621227887661,4.034690220174101,0.5215449172497281,32.10176651305696,0.0696226162368091,0.24577372084608834,0.004847308691657994,6.268229166666668,-0.007212803920659984,68.35943851626013,0.061352022320882084,0.15577933914467965,0.003764070642862013,Pod
2.966043307086605,0.7716439001127147,18.039493110236204,0.07323057729875641,0.30625664412313014,0.005362717451509139,3.0757021514043346,0.7528624607074736,19.487010974022137,0.07227165664870747,0.29591391598526134,0.0052231923547486625,0.8055487204724407,0.9749292985402158,1.9910802165354358,0.1299449595937698,0.6730514112274466,0.01688569252382647,2.966043307086605,0.7716439001127147,18.039493110236204,0.07323057729875641,0.30625664412313014,0.005362717451509139,6.050562499999966,0.06301199339827053,70.30356249999956,0.059656127226170086,0.17187701242190204,0.003558853515624992,5.150539682539644,0.3143508472482296,52.842349206348864,0.06118436343584936,0.19573544059861522,0.0037435263290501006,3.134614173228337,0.7421293336306224,20.274267716535405,0.07109927705831043,0.2873313668506106,0.005055107198214388,6.050562499999966,0.06301199339827053,70.30356249999956,0.059656127226170086,0.17187701242190204,0.003558853515624992,6.6068978658536714,-0.15051455884344953,80.14551575203267,0.05977276622905617,0.15120353663027356,0.0035727835826733978,6.2035483870968005,0.015673079966379073,73.08587096774212,0.05958227812701889,0.1675365010722113,0.003550047866805434,4.849270353302648,0.3977855744382776,46.47548643113193,0.0623689622942509,0.2013085995656937,0.003889887457661691,6.6068978658536714,-0.15051455884344953,80.14551575203267,0.05977276622905617,0.15120353663027356,0.0035727835826733978,Pod
1.4072342519685033,0.8246181265434044,3.5978100393700743,0.1220718060641625,0.4911640362327711,0.0149015258357665,1.5322090644181303,0.7978258400179525,4.150226300452607,0.11736673420414372,0.46255476343522955,0.013774950297746117,0.624815452755905,0.9555772285062674,0.9123400590551178,0.1696995896381097,0.7155967322461497,0.02879795072334283,1.4072342519685033,0.8246181265434044,3.5978100393700743,0.1220718060641625,0.4911640362327711,0.0149015258357665,2.74175,0.3487767706720447,13.387624999999984,0.09643032013129997,0.3217584109620606,0.009298806640624997,2.423619047619049,0.49331453399755826,10.424634920634919,0.09921669533352243,0.34621961340343466,0.009843952632905011,1.60384251968504,0.7857985980151881,4.399685039370074,0.1143561629763084,0.4422914078016344,0.013077332010664008,2.74175,0.3487767706720447,13.387624999999984,0.09643032013129997,0.3217584109620606,0.009298806640624997,3.0786966463414664,0.19016549299714441,16.61896595528456,0.09403764112109163,0.2933321961114936,0.008843077947619224,2.8023225806451615,0.31917919183929694,14.021806451612902,0.09598682922138342,0.31523862712564343,0.009213471383975026,2.2321428571428585,0.583339783474589,8.575332821300561,0.10124398096680066,0.36054330125351053,0.010250343682005895,3.0786966463414664,0.19016549299714441,16.61896595528456,0.09403764112109163,0.2933321961114936,0.008843077947619224,Pod
1.4128937007874,0.8441013937707293,3.766855314960629,0.11689853638541088,0.4968005799221408,0.013665267809051232,1.5085870171740343,0.8243226811848916,4.241180482360962,0.11378961993195438,0.47568483742406414,0.01294807760425863,0.5485359251968507,0.9675934278157619,0.7821727362204728,0.17292949918711445,0.7476448420380871,0.029904611689106214,1.4128937007874,0.8441013937707293,3.766855314960629,0.11689853638541088,0.4968005799221408,0.013665267809051232,2.754687500000001,0.4184310736700824,13.98831249999998,0.0922306466826509,0.32947630777447057,0.008506492187499983,2.3733333333333313,0.5567682454896291,10.66590476190476,0.09706408259499259,0.3681878680356878,0.009421436130007543,1.5796535433070853,0.8126878214575907,4.514330708661411,0.11075612830827872,0.4540938194626718,0.012266919957839897,2.754687500000001,0.4184310736700824,13.98831249999998,0.0922306466826509,0.32947630777447057,0.008506492187499983,3.097624491869922,0.28977481945505257,16.92829014227641,0.08825115221889511,0.30030090853441577,0.007788265867962596,2.8172903225806487,0.3879672454794383,14.676387096774183,0.0922846679441663,0.3271422612110872,0.008516459937565035,2.232206861239119,0.6195543586896496,9.144521249359954,0.0981075072519785,0.37463155104399165,0.009625082979197013,3.097624491869922,0.28977481945505257,16.92829014227641,0.08825115221889511,0.30030090853441577,0.007788265867962596,Pod
1.7297613188976364,0.8012429288436657,5.283772145669293,0.10322314108022138,0.4288272592487809,0.010655016854467285,1.7911835823671707,0.7894965225489834,5.584723169446354,0.1017731232842598,0.4180070767085051,0.010357768623033144,0.6193405511811026,0.9613689295302691,1.0268208661417344,0.16500600393272227,0.7246047839403807,0.027226981333845556,1.7297613188976364,0.8012429288436657,5.283772145669293,0.10322314108022138,0.4288272592487809,0.010655016854467285,3.173312499999996,0.3478273835226084,17.27631249999998,0.08336400086743073,0.2757035348150342,0.006949556640624992,2.804063492063486,0.4887765551531474,13.501333333333314,0.08663731115141703,0.30591873972149936,0.00750602368354745,1.9757480314960627,0.7234040852913488,7.31155905511809,0.09844800743550025,0.3914278922923746,0.009692010168020312,3.173312499999996,0.3478273835226084,17.27631249999998,0.08336400086743073,0.2757035348150342,0.006949556640624992,3.481453252032526,0.21127807191039552,20.899898373983778,0.08186086644178558,0.25755056479836824,0.006701201454599856,3.21812903225807,0.3301717283338623,17.634516129032267,0.08357254601512759,0.2753207449565616,0.006984370447450618,2.743919610855099,0.4916026658271077,13.394841269841294,0.08738347789122483,0.31237707981829266,0.0076358722083661795,3.481453252032526,0.21127807191039552,20.899898373983778,0.08186086644178558,0.25755056479836824,0.006701201454599856,Pod
2.1488681102362217,0.782287603265913,8.172982283464565,0.08651462259741494,0.3757172392591501,0.00748477992317314,2.1901543803087593,0.7729397684607596,8.521979043958074,0.08597217634113286,0.37217221561907177,0.007391215104830844,0.6510211614173231,0.9722185548880383,1.0421382874015752,0.14592247307477949,0.7081505532681769,0.02129336814825974,2.1488681102362217,0.782287603265913,8.172982283464565,0.08651462259741494,0.3757172392591501,0.00748477992317314,4.045500000000001,0.27032300649958124,27.374624999999973,0.06981515773813013,0.2291515744568408,0.004874156249999992,3.5069206349206294,0.43121515517730435,21.378158730158713,0.07239843843363684,0.26130372393403145,0.005241533887629104,2.4278425196850355,0.7255570722692367,10.308283464566914,0.08203189361744091,0.3390014282749817,0.006729231570463143,4.045500000000001,0.27032300649958124,27.374624999999973,0.06981515773813013,0.2291515744568408,0.004874156249999992,4.513401930894308,0.11094489901098788,33.33682672764225,0.0688649842290119,0.2082498627671889,0.004742386052862057,4.128903225806463,0.23743509806172686,28.61845161290325,0.06960903155247368,0.22601373694012913,0.004845417273673276,3.4612135176651373,0.46322829314508585,20.177803379416325,0.0728873887814928,0.25644352521852143,0.005312571443384483,4.513401930894308,0.11094489901098788,33.33682672764225,0.0688649842290119,0.2082498627671889,0.004742386052862057,Pod
1.9004675196850385,0.8240283173394738,6.3709399606299195,0.10244775128345476,0.4064533505729117,0.010495541743036607,2.065844131688264,0.7929439076939766,7.4873829747659535,0.09908154251205935,0.383124710726994,0.009817152066569024,0.6043307086614175,0.9760069634308992,0.8670029527559062,0.15964835323461815,0.7232932764528701,0.025487596690525416,1.9004675196850385,0.8240283173394738,6.3709399606299195,0.10244775128345476,0.4064533505729117,0.010495541743036607,4.022312499999998,0.24183821962568025,27.503562499999976,0.07771889450127288,0.23702615337733485,0.006040226562499985,3.4986666666666624,0.413178673867469,21.21320634920633,0.08165914939101603,0.2644013800661695,0.006668216679264273,1.777511811023623,0.8527378475984936,5.315653543307082,0.1015596497272657,0.4115918193973665,0.0103143624527249,4.022312499999998,0.24183821962568025,27.503562499999976,0.07771889450127288,0.23702615337733485,0.006040226562499985,4.9710365853658525,-0.0408163418565073,37.87627032520325,0.07293139619311918,0.17824763886197476,0.00531898855067772,4.290258064516133,0.14909810849012486,30.729483870967766,0.07640748692551438,0.2229023158622023,0.005838104058272651,2.8499103942652355,0.6189457637368195,13.758896569380457,0.0864562323978968,0.30058597619975436,0.0074746801204391405,4.9710365853658525,-0.0408163418565073,37.87627032520325,0.07293139619311918,0.17824763886197476,0.00531898855067772,Pod
1.8897022637795282,0.7640310892792819,6.1489296259842545,0.10781704952814385,0.40321281363283434,0.011624516168954222,1.9678219356438706,0.7417890355510899,6.715047430094856,0.10657025996419361,0.39544505672015395,0.011357220308835809,0.5461983267716539,0.9703355634524067,0.774052657480315,0.17754189300620865,0.7484172707452442,0.031521123772228044,1.8897022637795282,0.7640310892792819,6.1489296259842545,0.10781704952814385,0.40321281363283434,0.011624516168954222,3.809062499999999,0.08294124880464329,23.88868749999998,0.08534003676469791,0.23622307939739917,0.007282921874999991,3.254793650793644,0.30080294181246553,18.106222222222215,0.0897634752083578,0.277235858658815,0.008057481481481466,1.9287559055118104,0.75851942788583,6.257700787401566,0.10518609026020109,0.39063513699121444,0.01106411358422717,3.809062499999999,0.08294124880464329,23.88868749999998,0.08534003676469791,0.23622307939739917,0.007282921874999991,4.299352134146338,-0.12058434228762195,29.28042428861786,0.08287437235659177,0.2113586958094009,0.006868161593499022,3.914387096774199,0.02381919529550478,25.253225806451645,0.0850223695850965,0.2328060283305493,0.007228803329864741,2.973694316436252,0.4371980571026646,14.543714797747059,0.09167096031947437,0.28317243909590784,0.008403564965894644,4.299352134146338,-0.12058434228762195,29.28042428861786,0.08287437235659177,0.2113586958094009,0.006868161593499022,Pod
2.153051181102361,0.7482557822296603,8.055733267716557,0.09291171270065803,0.36738659791433964,0.008632586356969618,2.2504805009610083,0.7221084575461374,8.88697377394758,0.09143231671264161,0.35287314783427215,0.008359868539440802,0.6514517716535436,0.9604667836488359,1.2651328740157484,0.15661390567211422,0.716065207614652,0.024527915449873896,2.153051181102361,0.7482557822296603,8.055733267716557,0.09291171270065803,0.36738659791433964,0.008632586356969618,3.988187499999996,0.18367776151940457,26.112062499999933,0.07514484710793526,0.2215258649522825,0.005646748046874967,3.587174603174591,0.32218831498302924,21.63961904761899,0.07726665877548332,0.24399799029131836,0.005970136558326972,2.3064566929133807,0.6933874856217049,9.792566929133828,0.0901442853872854,0.34762825832301775,0.008125992187984358,3.988187499999996,0.18367776151940457,26.112062499999933,0.07514484710793526,0.2215258649522825,0.005646748046874967,4.271087398373983,0.10209808577335597,28.519944105691053,0.07499769663954543,0.2033997684332573,0.005624654501237285,4.082193548387102,0.15750785842027226,26.849806451612928,0.07511189017582821,0.21310798651213664,0.005641796045785679,3.361815156170007,0.39712646008582525,19.237647209421493,0.07860288052950215,0.25932437529164154,0.006178412827535189,4.271087398373983,0.10209808577335597,28.519944105691053,0.07499769663954543,0.2033997684332573,0.005624654501237285,Pod
2.540723425196849,0.7499694424959097,10.911048228346484,0.07919548726121844,0.3280389270966207,0.0062719252025418126,2.6145452290904636,0.7338603669682128,11.619691239382503,0.07829979925523288,0.32294192593088505,0.006130858563409767,0.6633858267716537,0.9745161038306004,1.1179872047244106,0.1406071307733865,0.7057143274281431,0.01977036522432421,2.540723425196849,0.7499694424959097,10.911048228346484,0.07919548726121844,0.3280389270966207,0.0062719252025418126,4.7725000000000035,0.1477093341515903,36.91049999999994,0.0634625104638557,0.20196842011343621,0.004027490234374994,4.20279365079365,0.32335148616763987,29.426158730158708,0.06568596890094579,0.22357801027295285,0.004314646510456018,2.654677165354332,0.7264301092884319,11.954204724409442,0.07665524467414521,0.3123036428972991,0.005876026536053067,4.7725000000000035,0.1477093341515903,36.91049999999994,0.0634625104638557,0.20196842011343621,0.004027490234374994,5.3697916666666705,-0.004165500785402557,43.280487804878064,0.06215073359491131,0.16297373442429638,0.003862713686385637,4.906451612903227,0.11378801886267459,38.430451612903255,0.06309017710745934,0.19248516823935094,0.003980370447450587,3.95449308755761,0.40750118868166774,25.76555299539175,0.06661227663754121,0.2315235480870087,0.004437195398836319,5.3697916666666705,-0.004165500785402557,43.280487804878064,0.06215073359491131,0.16297373442429638,0.003862713686385637,Pod
